{
  "controller/Worklist-dbg.controller.js": 1701351701243,
  "controller/NotFound.controller.js": 1701351700192,
  "model/formatter.js": 1701351705231,
  "controller/Worklist.controller.js": 1701351701243,
  "controller/Object.controller.js": 1701351700698,
  "model/models.js": 1701351706168,
  "controller/ErrorHandler.js": 1701351699804,
  "controller/BaseController.js": 1701351699326,
  "controller/App.controller.js": 1701351698900,
  "manifest.json": 1702966511542,
  "Component.js": 1701351696973,
  "model/models-dbg.js": 1701351706168,
  "model/models.js.map": 1702966511389,
  "model/formatter-dbg.js": 1701351705231,
  "model/formatter.js.map": 1702966511444,
  "i18n/i18n.properties": 1701351701946,
  "controller/Worklist.controller.js.map": 1702966511461,
  "controller/Object-dbg.controller.js": 1701351700698,
  "controller/Object.controller.js.map": 1702966511479,
  "controller/NotFound-dbg.controller.js": 1701351700192,
  "controller/NotFound.controller.js.map": 1702966511403,
  "controller/ErrorHandler-dbg.js": 1701351699804,
  "controller/ErrorHandler.js.map": 1702966511452,
  "controller/BaseController-dbg.js": 1701351699326,
  "controller/BaseController.js.map": 1702966511485,
  "controller/App-dbg.controller.js": 1701351698900,
  "controller/App.controller.js.map": 1702966511460,
  "Component-dbg.js": 1701351696973,
  "Component.js.map": 1702966511478,
  "Component-preload.js": 1702966511881,
  "Component-preload.js.map": 1702966511881,
  "view/Worklist.view.xml": 1701351850726,
  "view/ObjectNotFound.view.xml": 1701351711857,
  "view/Object.view.xml": 1701351954555,
  "view/NotFound.view.xml": 1701351709707,
  "view/App.view.xml": 1701351709157,
  "ui5.yaml": 1701784076586,
  "ui5-deploy.yaml": 1702904808188,
  "manifest-bundle.zip": 1702904909451,
  "index.html": 1701351698017
}